<?xml version="1.0" encoding="UTF-8"?>
<beans xmlns="http://www.springframework.org/schema/beans"
       xmlns:xsi="http://www.w3.org/2001/XMLSchema-instance"       
       xmlns:p="http://www.springframework.org/schema/p"

       xsi:schemaLocation="http://www.springframework.org/schema/beans
        http://www.springframework.org/schema/beans/spring-beans.xsd">
    
    <bean id="mailSender" class="org.springframework.mail.javamail.JavaMailSenderImpl">  
  <property name="host" value="smtp.gmail.com" />  
    <property name="username" value="suresh.collage@gmail.com" />  
    <property name="password" value="Arthi1993#" />  
    
    <!--
    <property name="javaMailProperties">
       <props>  
              <prop key="mail.smtp.auth">true</prop>  
              <prop key="mail.smtp.socketFactory.port">465</prop>  
              <prop key="mail.smtp.socketFactory.class">javax.net.ssl.SSLSocketFactory</prop>  
              <prop key="mail.smtp.port">465</prop>  
        </props>  
    </property>  -->
    
    <property name="javaMailProperties">
       <props>  
            <prop key="mail.host">smtp.gmail.com</prop>    
            <prop key="mail.smtp.auth">true</prop>  
              <prop key="mail.smtp.starttls.enable">true</prop>                
              <prop key="mail.smtp.port">587</prop>  
        </props>  
    </property>  
    
</bean>  

<bean id="mailMail" class="com.myapp.mail.MailMail">  
    <property name="mailSender" ref="mailSender" />  
</bean>  

</beans>
