<?xml version="1.0" encoding="UTF-8"?>  
<beans xmlns="http://www.springframework.org/schema/beans"  
    xmlns:xsi="http://www.w3.org/2001/XMLSchema-instance"  
    xmlns:p="http://www.springframework.org/schema/p"  
    xmlns:context="http://www.springframework.org/schema/context" 
    xmlns:mvc="http://www.springframework.org/schema/mvc"
    
    xsi:schemaLocation="http://www.springframework.org/schema/beans  
http://www.springframework.org/schema/beans/spring-beans.xsd  
http://www.springframework.org/schema/mvc  
http://www.springframework.org/schema/mvc/spring-mvc.xsd 

http://www.springframework.org/schema/context  
http://www.springframework.org/schema/context/spring-context.xsd">  
    
    <context:component-scan base-package="com.myapp.controllers"></context:component-scan>  
                            
     <bean id="ds" class="org.springframework.jdbc.datasource.DriverManagerDataSource">  
    <property name="driverClassName" value="com.mysql.jdbc.Driver"></property>  
    <property name="url" value="jdbc:mysql://localhost:3306/mydb?zeroDateTimeBehavior=convertToNull"></property>  
    <property name="username" value="root"></property>  
    <property name="password" value=""></property>  
    </bean>  
  
    <bean id="jt" class="org.springframework.jdbc.core.JdbcTemplate">  
    <property name="dataSource" ref="ds"></property>  
    </bean>      
    
    <bean id="dao1" class="com.myapp.dao.EventDao">  
        <property name="template" ref="jt"></property>  
    </bean>
    
    <bean id="dao2" class="com.myapp.dao.RegisterDao">          
        <property name="template" ref="jt"></property>  
    </bean>
    
    <bean id="dao3" class="com.myapp.dao.BankDao">  
        <property name="template" ref="jt"></property>  
    </bean>
    
    <bean id="dao4" class="com.myapp.dao.EventRegisterDao">  
        <property name="template" ref="jt"></property>  
    </bean>
   
    <bean id="dao5" class="com.myapp.dao.PaymentDao">  
        <property name="template" ref="jt"></property>  
    </bean>
    <mvc:annotation-driven/>
    <mvc:resources location="/resources/*" mapping="/resources/**"/>
        
   <!--<bean id="viewResolver"
          class="org.springframework.web.servlet.view.InternalResourceViewResolver"
          p:prefix="/WEB-INF/jsp/"
          p:suffix=".jsp" />
          -->
   
    
    <bean id="viewResolver"  
        class="org.springframework.web.servlet.view.UrlBasedViewResolver">  
        <property name="viewClass">  
            <value>  
                org.springframework.web.servlet.view.tiles2.TilesView  
            </value>  
        </property>  
    </bean>  
    <bean id="tilesConfigurer"  
        class="org.springframework.web.servlet.view.tiles2.TilesConfigurer">  
        <property name="definitions">  
            <list>  
                <value>/WEB-INF/tiles.xml</value>  
            </list>  
        </property>  
    </bean>  
     
    <!-- 
    The index controller.
    
   <http auto-config="true">
        
    </http>
-->
</beans>
