<?xml version="1.0" encoding="UTF-8"?>  

<beans:beans xmlns="http://www.springframework.org/schema/security"
    xmlns:beans="http://www.springframework.org/schema/beans"
    xmlns:xsi="http://www.w3.org/2001/XMLSchema-instance"
    xsi:schemaLocation="http://www.springframework.org/schema/beans
    http://www.springframework.org/schema/beans/spring-beans.xsd
    http://www.springframework.org/schema/security
    http://www.springframework.org/schema/security/spring-security.xsd">
   
    <!--
    <http auto-config="true">
        <intercept-url pattern="/Welcome*" access="ROLE_USER"/>
        <http-basic/>               
        
    </http>
    -->
    <!--
    <http>
        <intercept-url pattern="/Welcome*" access="ROLE_USER"/>        
        <form-login/>
        <logout logout-success-url="/home"/>        
    </http>
     -->

    <http>
        <intercept-url pattern="/candidate" access="IS_AUTHENTICATED_ANONYMOUSLY"/>    
        <intercept-url pattern="/eventdetail" access="IS_AUTHENTICATED_ANONYMOUSLY"/>
        <intercept-url pattern="/savecandidate" access="IS_AUTHENTICATED_ANONYMOUSLY"/>
        <intercept-url pattern="/payment" access="ROLE_USER"/>
        <intercept-url pattern="/checkpointotp" access="ROLE_USER"/>
        
        <intercept-url pattern="/profile" access="ROLE_USER,ROLE_ADMIN"/>
        
        <intercept-url pattern="/myCartItem" access="ROLE_USER"/>
        <intercept-url pattern="/mypayhistory" access="ROLE_USER"/>
        <intercept-url pattern="/myevent" access="ROLE_USER"/>        
        <intercept-url pattern="/Welcome*" access="ROLE_USER"/>
        
        
        <intercept-url pattern="/viewusers" access="ROLE_ADMIN"/>
        <intercept-url pattern="/candidateeditform" access="ROLE_ADMIN"/>
        <intercept-url pattern="/viewevent" access="ROLE_ADMIN"/>
        <intercept-url pattern="/eventform" access="ROLE_ADMIN"/>
        <intercept-url pattern="/saveevent" access="ROLE_ADMIN"/>
        <intercept-url pattern="/eventeditform" access="ROLE_ADMIN"/>
        <intercept-url pattern="/deleteevent" access="ROLE_ADMIN"/>
        <intercept-url pattern="/viewpayment" access="ROLE_ADMIN"/>
        <intercept-url pattern="/vieweventregister" access="ROLE_ADMIN"/>
        
        
     
        <form-login login-page="/login" default-target-url="/profile" authentication-failure-url="/loginfailed"/>
        <logout logout-success-url="/logout"/>
        
    </http>
    
    <!--
    <session-management>
        <concurrency-control max-session="1" error-if-maximum-exceeded="true"/>
    </session-management>-->
    
     <authentication-manager>
        <authentication-provider>
            <jdbc-user-service
                authorities-by-username-query="select us.email,ur.authority from register us,user_roles ur where us.user_role_id=ur.user_role_id and us.email=?"
                users-by-username-query="select email,pwd,active from register where email=?"
                    data-source-ref="ds"/>
                
            
            <!--
            <user-service>
                <user name="user1" password="123" authorities="ROLE_USER, ROLE_ADMIN" />
                <user name="user2" password="abc" authorities="ROLE_USER" />
            </user-service>
            -->
        </authentication-provider>
    </authentication-manager>
</beans:beans>