<?xml version="1.0" encoding="UTF-8" ?>  
<!DOCTYPE tiles-definitions PUBLIC  
       "-//Apache Software Foundation//DTD Tiles Configuration 2.0//EN"  
       "http://tiles.apache.org/dtds/tiles-config_2_0.dtd">  
<tiles-definitions>  
    <definition name="base.definition"  
        template="/WEB-INF/jsp/layout.jsp">  
        <put-attribute name="title" value="" />  
        <put-attribute name="header" value="/WEB-INF/jsp/myheader.jsp" />          
        <put-attribute name="news" value="/WEB-INF/jsp/news.jsp" />          
        <put-attribute name="body" value="" />  
        <put-attribute name="footer" value="/WEB-INF/jsp/myfooter.jsp" />  
    </definition> 
    <!--Beginning of Default Home Setting-->        
    <definition name="index" extends="base.definition">  
        <put-attribute name="title" value="Main Page" />  
        <put-attribute name="body" value="/WEB-INF/jsp/default_body.jsp" />  
    </definition>
    
    <definition name="service" extends="base.definition">  
        <put-attribute name="title" value="Services Page" />  
        <put-attribute name="body" value="/WEB-INF/jsp/service.jsp" />  
    </definition>
    
    <!--End of Default Home Setting-->
    
        
    <definition name="eventdetail" extends="base.definition">  
        <put-attribute name="title" value="Hello Spring MVC" />  
        <put-attribute name="body" value="/WEB-INF/jsp/eventdetail.jsp" />  
    </definition>
    
    <definition name="candidate" extends="base.definition">  
        <put-attribute name="title" value="Candidate Register Form" />  
        <put-attribute name="news" value="" />  
        <put-attribute name="body" value="/WEB-INF/jsp/candidate.jsp" />          
    </definition>
    
    <definition name="login" extends="base.definition">  
        <put-attribute name="title" value="Sign In" />  
         
        <put-attribute name="body" value="/WEB-INF/jsp/login.jsp" />  
    </definition>
    
    <definition name="formlogin" extends="base.definition">  
        <put-attribute name="title" value="Sign In Form" />  
        <put-attribute name="news" value="" />  
        <put-attribute name="body" value="/WEB-INF/jsp/formlogin.jsp" />  
    </definition>
        <definition name="team" extends="base.definition">  
        <put-attribute name="title" value="Our Team Members" />  
        
        <put-attribute name="body" value="/WEB-INF/jsp/team.jsp" />  
    </definition>
    
    <definition name="payment" extends="base.definition">  
        <put-attribute name="title" value="Payment Gateway Page" />  
        <put-attribute name="news" value="" />  
        <put-attribute name="body" value="/WEB-INF/jsp/payment.jsp" />  
    </definition>
    
    <definition name="onetimepasswordform" extends="base.definition">  
        <put-attribute name="title" value="OTP Page" />  
        <put-attribute name="news" value="" />  
        <put-attribute name="body" value="/WEB-INF/jsp/onetimepasswordform.jsp" />  
    </definition>
    
    <definition name="profile" extends="base.definition">  
        <put-attribute name="title" value="Profile Home Page" />  
        <put-attribute name="header" value="" />   
        <put-attribute name="header" value="/WEB-INF/jsp/profile_myheader.jsp" />         
        <put-attribute name="news" value="" />  
        <put-attribute name="body" value="/WEB-INF/jsp/profile.jsp" />  
    </definition>
    
    <definition name="myevent" extends="base.definition">  
        <put-attribute name="title" value="My Event History" />  
        <put-attribute name="header" value="" />   
        <put-attribute name="header" value="/WEB-INF/jsp/profile_myheader.jsp" />         
        <put-attribute name="news" value="" />  
        <put-attribute name="body" value="/WEB-INF/jsp/myevent.jsp" />  
    </definition>
     <definition name="mypayhistory" extends="base.definition">  
        <put-attribute name="title" value="My Payment History" />  
        <put-attribute name="header" value="" />   
        <put-attribute name="header" value="/WEB-INF/jsp/profile_myheader.jsp" />         
        <put-attribute name="news" value="" />  
        <put-attribute name="body" value="/WEB-INF/jsp/mypayhistory.jsp" />  
     </definition>
     <definition name="myCartItem" extends="base.definition">  
        <put-attribute name="title" value="My Cart Item" />  
        <put-attribute name="header" value="" />   
        <put-attribute name="header" value="/WEB-INF/jsp/profile_myheader.jsp" />         
        <put-attribute name="news" value="" />  
        <put-attribute name="body" value="/WEB-INF/jsp/myCartItem.jsp" />  
     </definition>
    

     <definition name="adminprofile" extends="base.definition">  
        <put-attribute name="title" value="Admin Profile Home Page" />  
        <put-attribute name="header" value="" />   
        <put-attribute name="header" value="/WEB-INF/jsp/header.jsp" />         
        <put-attribute name="news" value="" />  
        <put-attribute name="body" value="/WEB-INF/jsp/adminprofile.jsp" />  
     </definition>        
     <definition name="viewusers" extends="base.definition">  
        <put-attribute name="title" value="View All Users" />  
        <put-attribute name="header" value="/WEB-INF/jsp/header.jsp" /> 
        <put-attribute name="news" value="" />   
        <put-attribute name="body" value="/WEB-INF/jsp/viewusers.jsp" />  
     </definition>
    <definition name="candidateeditform" extends="base.definition">  
        <put-attribute name="title" value="View All Users" />  
        <put-attribute name="header" value="/WEB-INF/jsp/header.jsp" /> 
        <put-attribute name="news" value="" />   
        <put-attribute name="body" value="/WEB-INF/jsp/candidateeditform.jsp" />  
    </definition>
    
    
    
    <definition name="eventform" extends="base.definition">  
        <put-attribute name="title" value="Create New Events Form" />  
        <put-attribute name="header" value="/WEB-INF/jsp/header.jsp" /> 
        <put-attribute name="news" value="" />   
        <put-attribute name="body" value="/WEB-INF/jsp/eventform.jsp" />  
    </definition>
    <definition name="eventeditform" extends="base.definition">  
        <put-attribute name="title" value="Create New Events Form" />  
        <put-attribute name="header" value="/WEB-INF/jsp/header.jsp" /> 
        <put-attribute name="news" value="" />   
        <put-attribute name="body" value="/WEB-INF/jsp/eventeditform.jsp" />  
    </definition>
    
    <definition name="exam" extends="base.definition">  
        <put-attribute name="title" value="Exam" />  
        <put-attribute name="header" value="/WEB-INF/jsp/header.jsp" /> 
        <put-attribute name="news" value="" />   
        <put-attribute name="body" value="/WEB-INF/jsp/exam.jsp" />  
    </definition>
    
    <definition name="viewevent" extends="base.definition">  
        <put-attribute name="title" value="view All Events" />  
        <put-attribute name="header" value="/WEB-INF/jsp/header.jsp" />
        <put-attribute name="news" value="" />   
        <put-attribute name="body" value="/WEB-INF/jsp/viewevent.jsp" />  
    </definition>
    <definition name="viewpayment" extends="base.definition">  
        <put-attribute name="title" value="view All Payments" />  
        <put-attribute name="header" value="/WEB-INF/jsp/header.jsp" /> 
        <put-attribute name="news" value="" />   
        <put-attribute name="body" value="/WEB-INF/jsp/viewpayment.jsp" />  
    </definition>
    <definition name="vieweventregister" extends="base.definition">  
        <put-attribute name="title" value="view All Event Register" />  
        <put-attribute name="header" value="/WEB-INF/jsp/header.jsp" /> 
        <put-attribute name="news" value="" />   
        <put-attribute name="body" value="/WEB-INF/jsp/vieweventregister.jsp" />  
    </definition>
    
    
    
</tiles-definitions> 