<?xml version='1.0' encoding='UTF-8' ?>
<!-- was: <?xml version="1.0" encoding="UTF-8"?> -->
<beans xmlns="http://www.springframework.org/schema/beans"
       xmlns:xsi="http://www.w3.org/2001/XMLSchema-instance"
       xmlns:p="http://www.springframework.org/schema/p"
       xmlns:aop="http://www.springframework.org/schema/aop"
       xmlns:tx="http://www.springframework.org/schema/tx"
       xsi:schemaLocation="http://www.springframework.org/schema/beans http://www.springframework.org/schema/beans/spring-beans.xsd
       http://www.springframework.org/schema/aop http://www.springframework.org/schema/aop/spring-aop.xsd
       http://www.springframework.org/schema/tx http://www.springframework.org/schema/tx/spring-tx.xsd">

    
     <bean id="mailSender" class="org.springframework.mail.javamail.JavaMailSenderImpl">  
  <property name="host" value="smtp.gmail.com" />  
    <property name="username" value="suresh.collage@gmail.com" />  
    <property name="password" value="Arthi1993#" />  
    <property name="javaMailProperties">
       <props>  
              <prop key="mail.smtp.auth">true</prop>  
              <prop key="mail.smtp.socketFactory.port">465</prop>  
              <prop key="mail.smtp.socketFactory.class">javax.net.ssl.SSLSocketFactory</prop>  
              <prop key="mail.smtp.port">465</prop>  
        </props>  
    </property>  
</bean>  
<bean id="mailMail" class="com.myapp.mail.MailMail">  
    <property name="mailSender" ref="mailSender" />  
</bean>  

    <!--bean id="propertyConfigurer"
          class="org.springframework.beans.factory.config.PropertyPlaceholderConfigurer"
          p:location="/WEB-INF/jdbc.properties" />

<bean id="dataSource"
    class="org.springframework.jdbc.datasource.DriverManagerDataSource"
    p:driverClassName="${jdbc.driverClassName}"
    p:url="${jdbc.url}"
    p:username="${jdbc.username}"
    p:password="${jdbc.password}" /-->

    <!-- ADD PERSISTENCE SUPPORT HERE (jpa, hibernate, etc) -->

</beans>
